"Digital Arts Research Center",ChIJ3YlSAqJBjoARXaGEJ_wVOPo
"Humanities Lecture Hall",ChIJXwWWKKdBjoAR6x9x5mIChLU
"Humanities and Social Sciences Building",ChIJKWw5KadBjoAROYyzSCihuWs
"Humanities 1 Building",ChIJ13Hy2aZBjoARJL5KMbfx3MA
"Interdisciplinary Sciences Building",ChIJZxiLBqBBjoARCip_gh0XuNw
"Music Center",ChIJDQX0C6JBjoARJrzmWFeRuSU
"Cowell Academic Building",ChIJabrRfKZBjoARSb2rGrQiZr8
"Oakes Academic Building",ChIJtcHMOJhBjoARenWkIXKZTlw
"Merrill Academic Building",ChIJ32VmE6dBjoAR1nD8mPfhfuc
"Porter Academic Building",ChIJvRMx4KpBjoARcipcUkhYZQg
"Rachel Carson Academic Building",ChIJA5NfM41BjoAR3gw5dCqP3uA
"Stevenson Academic Building",ChIJX8zMcKZBjoARIjaoqFXSrjI
"Crown Classroom Building",ChIJlRrUUadBjoARkE0FXFzrvMw
"Cowell Classroom Building",ChIJ3XghLDNBjoARFiMk2Mbq5-E
"Kresge Classroom Building",ChIJiwMq7nVBjoARkpi46Sn__gQ
"Stevenson Library",ChIJycRZcaZBjoARarEEyRIH4Bs
"Natural Sciences 2 Annex",ChIJVXVy_59BjoARLm5yuqp9dDk
"Engineering 2 Building",ChIJ2_4c5XRBjoAR7iUn2qxSw14
"Social Sciences 2 Building",ChIJjxsi_QpBjoARorQrq5ho8y4
"Jack Baskin Engineering Auditorium",ChIJCXluInVBjoARXmKm8WSQRNk
"Hahn Art Facility",ChIJb0OQ9qZBjoAR94U1aPFDWfQ
"Earth and Marine Sciences Building",ChIJyU0VFaBBjoAR6PC5UGhQ4Oo
"McHenry Library",ChIJk7eypKFBjoAR87wpNgAjQek
"Physical Sciences Building",ChIJO5ZnR3VBjoARXKjPwXMugvE
"Sinsheimer Labs",ChIJk61FV3VBjoAR60vQw_XE5Os
"Gamelan Studio",ChIJbwp1D6JBjoARrtq8R11mxwY
"Jack Baskin Engineering Building",ChIJUfzq4HRBjoARZyoPLQd-ORM
"Communications Building",ChIJi9OaKXVBjoAR69nXF9zif4c
"Media Theater",ChIJK2ubaZ9BjoARJ2TGgiqsjKA
"Cowell Computer Lab",ChIJlbasy6ZBjoAR8PhXRbSULbM
"Thimann Labs",ChIJj8X8459BjoARjkqsXKjjxtE
"Social Sciences 1 Building",ChIJES0MqgtBjoARwrgoMTg248U
"Experimental Theater",ChIJ7zpJbp9BjoARcaSHWm9cRpE
"Theater Arts Center",ChIJoxjba59BjoAR4W-yjpaB94s
"Visual Arts Research Facility",ChIJ87MPNI1BjoARTe5lwE41HGg
"Biomedical Sciences Building",ChIJf8vrSnVBjoAR4wWUP8qeyNg
"Hahn Student Services",ChIJ5WaXa6FBjoARz3jyS-_t22A
"Second Stage",ChIJEZlpQ59BjoARXSuPWPT3gZs
"Elena Baskin Visual Arts Center",ChIJ3Vh_46FBjoARU-Dr3H-ZOFY
"Kerr Hall",ChIJFyeQk59BjoAR8hgeoyJ-I9I
"Natural Sciences 2 Building",ChIJK_vcBaBBjoAReP0Ep5R6OPY
"Thimann Lecture Hall",ChIJV0Pj-Z9BjoAR7ImknetozVE
"Classroom Unit Building",ChIJ__8_56BBjoARnYLZxB5PFEU
"Silicon Valley Building",ChIJe-WubO3Jj4ARv44fLud8W-s
